{
  "type": "minecraft:entity",
  "pools": [
    {
      "rolls": 1,
      "entries": [
        {
          "type": "minecraft:item",
          "functions": [
            {
              "function": "minecraft:set_count",
              "count": {
                "min": 0.0,
                "max": 2.0,
                "type": "minecraft:uniform"
              }
            },
            {
              "function": "minecraft:looting_enchant",
              "count": {
                "min": 0.0,
                "max": 1.0
              }
            }
          ],
          "name": "minecraft:gunpowder"
        }
      ]
    },
    {
      "rolls": 1,
      "entries": [
		{
		  "type": "minecraft:tag",
		  "weight": 1,
		  "name": "minecraft:music_discs",
          "expand": true
		},

        {
          "type": "minecraft:item",
		  "weight": 1,
          "name": "minecraft:music_disc_11",
		  "functions": [
			{
				"function": "minecraft:set_nbt",
				"tag": "{CustomModelData:2, HideFlags:32, display:{Lore:[\"\\\"§7You Raise Me Up - Josh Groban\\\"\"]}}"
			}
		  ]
        },
		{
          "type": "minecraft:item",
		  "weight": 1,
          "name": "minecraft:music_disc_11",
		  "functions": [
			{
				"function": "minecraft:set_nbt",
				"tag": "{CustomModelData:3, HideFlags:32, display:{Lore:[\"\\\"§7Wellerman - Nathan Evans\\\"\"]}}"
			}
		  ]
        },
		        {
          "type": "minecraft:item",
		  "weight": 1,
		  "name": "minecraft:music_disc_11",
		  "functions": [
			{
				"function": "minecraft:set_nbt",
				"tag": "{CustomModelData:4, HideFlags:32, display:{Lore:[\"\\\"§7Think About Things - Daoi Freyr\\\"\"]}}"
			}
		  ]
        }
      ],
      "conditions": [
        {
          "condition": "minecraft:entity_properties",
          "predicate": {
            "type": "#minecraft:skeletons"
          },
          "entity": "killer"
        }
      ]
    }
  ]
}